pack,category,object,in_codex
"Emergence-GLB","characters","villager-child-f-walk.glb",no
"Emergence-GLB","characters","villager-child-f.glb",no
"Emergence-GLB","characters","villager-child-walk.glb",no
"Emergence-GLB","characters","villager-child.glb",no
"Emergence-GLB","characters","villager-elder-f-walk.glb",no
"Emergence-GLB","characters","villager-elder-f.glb",no
"Emergence-GLB","characters","villager-elder-walk.glb",no
"Emergence-GLB","characters","villager-elder.glb",no
"Emergence-GLB","characters","villager-f-walk.glb",no
"Emergence-GLB","characters","villager-f-work.glb",no
"Emergence-GLB","characters","villager-f.glb",no
"Emergence-GLB","characters","villager-walk.glb",no
"Emergence-GLB","characters","villager-work.glb",no
"Emergence-GLB","characters","villager.glb",no
"Emergence-GLB","nature","deer.glb",no
"Emergence-GLB","nature","wolf.glb",no
"Emergence-GLB","tech","forge.glb",no
"Emergence-GLB","tech","kiln.glb",no
"Emergence-GLB","tech","mill.glb",yes
"Emergence-GLB","tech","well.glb",no
"Fantastic Village Pack","FX","P_FX_fire",no
"Fantastic Village Pack","FX","P_FX_steam_big_FVP",no
"Fantastic Village Pack","FX","P_FX_steam_small_FVP",no
"Fantastic Village Pack","FX","P_FX_water_FVP",no
"Fantastic Village Pack","FX","P_FX_wind_trail",no
"Fantastic Village Pack","buildings","P_BLD_house_01",no
"Fantastic Village Pack","buildings","P_BLD_house_02",no
"Fantastic Village Pack","buildings","P_BLD_house_03",no
"Fantastic Village Pack","buildings","P_BLD_house_04",no
"Fantastic Village Pack","buildings","P_BLD_house_05",no
"Fantastic Village Pack","buildings","P_BLD_house_06",no
"Fantastic Village Pack","buildings","P_BLD_house_07",no
"Fantastic Village Pack","buildings","P_BLD_house_08",no
"Fantastic Village Pack","buildings","P_BLD_house_09",no
"Fantastic Village Pack","buildings","P_BLD_house_10",no
"Fantastic Village Pack","buildings","P_BLD_house_11",no
"Fantastic Village Pack","buildings","P_BLD_house_12",no
"Fantastic Village Pack","buildings","P_BLD_house_13",no
"Fantastic Village Pack","buildings","P_BLD_house_14",no
"Fantastic Village Pack","buildings_modules","P_BLD_balcony_v01_01",no
"Fantastic Village Pack","buildings_modules","P_BLD_balcony_v02_01",no
"Fantastic Village Pack","buildings_modules","P_BLD_base_v01_01",no
"Fantastic Village Pack","buildings_modules","P_BLD_base_v02_01",no
"Fantastic Village Pack","buildings_modules","P_BLD_base_v03_01",no
"Fantastic Village Pack","buildings_modules","P_BLD_base_v04_01",no
"Fantastic Village Pack","buildings_modules","P_BLD_base_v04_02",no
"Fantastic Village Pack","buildings_modules","P_BLD_base_v05_01",no
"Fantastic Village Pack","buildings_modules","P_BLD_beam_big_v01_01",no
"Fantastic Village Pack","buildings_modules","P_BLD_beam_big_v01_v2",no
"Fantastic Village Pack","buildings_modules","P_BLD_beam_big_v02_01",no
"Fantastic Village Pack","buildings_modules","P_BLD_beam_big_v02_02",no
"Fantastic Village Pack","buildings_modules","P_BLD_beam_big_v03_01",no
"Fantastic Village Pack","buildings_modules","P_BLD_beam_big_v03_02",no
"Fantastic Village Pack","buildings_modules","P_BLD_beam_big_v03_03",no
"Fantastic Village Pack","buildings_modules","P_BLD_beam_small_v01_01",no
"Fantastic Village Pack","buildings_modules","P_BLD_beam_small_v01_02",no
"Fantastic Village Pack","buildings_modules","P_BLD_beam_small_v02_01",no
"Fantastic Village Pack","buildings_modules","P_BLD_beam_small_v02_02",no
"Fantastic Village Pack","buildings_modules","P_BLD_beam_small_v03_01",no
"Fantastic Village Pack","buildings_modules","P_BLD_beam_small_v03_02",no
"Fantastic Village Pack","buildings_modules","P_BLD_beam_small_v04_01",no
"Fantastic Village Pack","buildings_modules","P_BLD_beam_small_v04_02",no
"Fantastic Village Pack","buildings_modules","P_BLD_beam_small_v05_01",no
"Fantastic Village Pack","buildings_modules","P_BLD_beam_small_v05_02",no
"Fantastic Village Pack","buildings_modules","P_BLD_beam_small_v06_01",no
"Fantastic Village Pack","buildings_modules","P_BLD_beam_small_v06_02",no
"Fantastic Village Pack","buildings_modules","P_BLD_beam_small_v06_03",no
"Fantastic Village Pack","buildings_modules","P_BLD_beam_small_v07_01",no
"Fantastic Village Pack","buildings_modules","P_BLD_body_add_v01_01",no
"Fantastic Village Pack","buildings_modules","P_BLD_body_add_v02_01",no
"Fantastic Village Pack","buildings_modules","P_BLD_body_add_v03_01",no
"Fantastic Village Pack","buildings_modules","P_BLD_body_add_v04_01",no
"Fantastic Village Pack","buildings_modules","P_BLD_body_v01_01",no
"Fantastic Village Pack","buildings_modules","P_BLD_body_v01_02",no
"Fantastic Village Pack","buildings_modules","P_BLD_body_v02_01",no
"Fantastic Village Pack","buildings_modules","P_BLD_body_v02_02",no
"Fantastic Village Pack","buildings_modules","P_BLD_body_v03_01",no
"Fantastic Village Pack","buildings_modules","P_BLD_body_v03_02",no
"Fantastic Village Pack","buildings_modules","P_BLD_body_v04_01",no
"Fantastic Village Pack","buildings_modules","P_BLD_body_v04_02",no
"Fantastic Village Pack","buildings_modules","P_BLD_body_v05_01",no
"Fantastic Village Pack","buildings_modules","P_BLD_body_v05_02",no
"Fantastic Village Pack","buildings_modules","P_BLD_body_v06_01",no
"Fantastic Village Pack","buildings_modules","P_BLD_body_v06_02",no
"Fantastic Village Pack","buildings_modules","P_BLD_body_v07_01",no
"Fantastic Village Pack","buildings_modules","P_BLD_body_v07_02",no
"Fantastic Village Pack","buildings_modules","P_BLD_chimney_v01_01",no
"Fantastic Village Pack","buildings_modules","P_BLD_chimney_v01_02",no
"Fantastic Village Pack","buildings_modules","P_BLD_chimney_v01_03",no
"Fantastic Village Pack","buildings_modules","P_BLD_chimney_v02_01",no
"Fantastic Village Pack","buildings_modules","P_BLD_chimney_v02_02",no
"Fantastic Village Pack","buildings_modules","P_BLD_chimney_v02_03",no
"Fantastic Village Pack","buildings_modules","P_BLD_door_v01_01",no
"Fantastic Village Pack","buildings_modules","P_BLD_door_v02_01",no
"Fantastic Village Pack","buildings_modules","P_BLD_door_v03_01",no
"Fantastic Village Pack","buildings_modules","P_BLD_door_v04_01",no
"Fantastic Village Pack","buildings_modules","P_BLD_stairs_v01_01",no
"Fantastic Village Pack","buildings_modules","P_BLD_stairs_v02_01",no
"Fantastic Village Pack","buildings_modules","P_BLD_stairs_v02_02",no
"Fantastic Village Pack","buildings_modules","P_BLD_stairs_v03_v1",no
"Fantastic Village Pack","buildings_modules","P_BLD_stairs_v03_v2",no
"Fantastic Village Pack","buildings_modules","P_BLD_stairs_v04_v1",no
"Fantastic Village Pack","buildings_modules","P_BLD_stairs_v04_v2",no
"Fantastic Village Pack","buildings_modules","P_BLD_waterwheel",no
"Fantastic Village Pack","buildings_modules","P_BLD_windmill_sail",no
"Fantastic Village Pack","buildings_modules","P_BLD_window_v01_01",no
"Fantastic Village Pack","buildings_modules","P_BLD_window_v02_01",no
"Fantastic Village Pack","buildings_modules","P_BLD_window_v03_01",no
"Fantastic Village Pack","buildings_modules","P_BLD_window_v04_01",no
"Fantastic Village Pack","buildings_modules","P_BLD_window_v05_01",no
"Fantastic Village Pack","buildings_modules","P_BLD_window_v06_01",no
"Fantastic Village Pack","buildings_modules","P_BLD_window_v06_02",no
"Fantastic Village Pack","buildings_modules","P_BLD_window_v07_01",no
"Fantastic Village Pack","buildings_modules","P_BLD_window_v07_02",no
"Fantastic Village Pack","buildings_modules","P_BLD_window_v08_01",no
"Fantastic Village Pack","buildings_modules","P_BLD_window_v08_02",no
"Fantastic Village Pack","buildings_modules","P_BLD_window_v08_03",no
"Fantastic Village Pack","buildings_modules","P_BLD_window_v08_04",no
"Fantastic Village Pack","buildings_modules","P_BLD_window_v09_01",no
"Fantastic Village Pack","buildings_modules","P_BLD_window_v09_02",no
"Fantastic Village Pack","buildings_modules","P_BLD_window_v09_03",no
"Fantastic Village Pack","buildings_modules","P_BLD_window_v09_04",no
"Fantastic Village Pack","environment","P_ENV_PLANT_grass_village",no
"Fantastic Village Pack","environment","P_ENV_PLANT_leaf_village",no
"Fantastic Village Pack","environment","P_ENV_TREE_village",no
"Fantastic Village Pack","light","Light_lantern",no
"Fantastic Village Pack","props","P_PROP_PLANT_pot_v1_01",no
"Fantastic Village Pack","props","P_PROP_PLANT_pot_v1_02",no
"Fantastic Village Pack","props","P_PROP_PLANT_pot_v1_03",no
"Fantastic Village Pack","props","P_PROP_PLANT_pot_v1_04",no
"Fantastic Village Pack","props","P_PROP_PLANT_pot_v2_01",no
"Fantastic Village Pack","props","P_PROP_PLANT_pot_v2_02",no
"Fantastic Village Pack","props","P_PROP_PLANT_pot_v2_03",no
"Fantastic Village Pack","props","P_PROP_PLANT_pot_v2_04",no
"Fantastic Village Pack","props","P_PROP_PLANT_pot_v3_01",no
"Fantastic Village Pack","props","P_PROP_PLANT_pot_v3_02",no
"Fantastic Village Pack","props","P_PROP_PLANT_pot_v3_03",no
"Fantastic Village Pack","props","P_PROP_PLANT_pot_v3_04",no
"Fantastic Village Pack","props","P_PROP_PLANT_pot_v4_01",no
"Fantastic Village Pack","props","P_PROP_PLANT_pot_v5_01",no
"Fantastic Village Pack","props","P_PROP_PLANT_pot_v6_01",no
"Fantastic Village Pack","props","P_PROP_barrel_01",no
"Fantastic Village Pack","props","P_PROP_barrel_02",no
"Fantastic Village Pack","props","P_PROP_barrel_03",no
"Fantastic Village Pack","props","P_PROP_barrel_04",no
"Fantastic Village Pack","props","P_PROP_barrel_05",no
"Fantastic Village Pack","props","P_PROP_barrel_06",no
"Fantastic Village Pack","props","P_PROP_barrel_07",no
"Fantastic Village Pack","props","P_PROP_barrel_08",no
"Fantastic Village Pack","props","P_PROP_basket_01",no
"Fantastic Village Pack","props","P_PROP_basket_02",no
"Fantastic Village Pack","props","P_PROP_basket_03",no
"Fantastic Village Pack","props","P_PROP_bench_01",no
"Fantastic Village Pack","props","P_PROP_bench_02",no
"Fantastic Village Pack","props","P_PROP_board_01",no
"Fantastic Village Pack","props","P_PROP_board_02",no
"Fantastic Village Pack","props","P_PROP_bottle_01",no
"Fantastic Village Pack","props","P_PROP_bottle_02",no
"Fantastic Village Pack","props","P_PROP_bottle_03",no
"Fantastic Village Pack","props","P_PROP_bottle_04",no
"Fantastic Village Pack","props","P_PROP_bottle_05",no
"Fantastic Village Pack","props","P_PROP_bottle_06",no
"Fantastic Village Pack","props","P_PROP_bottle_07",no
"Fantastic Village Pack","props","P_PROP_bottle_08",no
"Fantastic Village Pack","props","P_PROP_bottle_09",no
"Fantastic Village Pack","props","P_PROP_bowl_metal",no
"Fantastic Village Pack","props","P_PROP_bowl_wood_01",no
"Fantastic Village Pack","props","P_PROP_bowl_wood_02",no
"Fantastic Village Pack","props","P_PROP_bowl_wood_03",no
"Fantastic Village Pack","props","P_PROP_bowl_wood_04",no
"Fantastic Village Pack","props","P_PROP_bowl_wood_05",no
"Fantastic Village Pack","props","P_PROP_box_01",no
"Fantastic Village Pack","props","P_PROP_box_02",no
"Fantastic Village Pack","props","P_PROP_box_03",no
"Fantastic Village Pack","props","P_PROP_box_04",no
"Fantastic Village Pack","props","P_PROP_box_05",no
"Fantastic Village Pack","props","P_PROP_brazier_01",no
"Fantastic Village Pack","props","P_PROP_brazier_02",no
"Fantastic Village Pack","props","P_PROP_brazier_03",no
"Fantastic Village Pack","props","P_PROP_brazier_04",no
"Fantastic Village Pack","props","P_PROP_brazier_05",no
"Fantastic Village Pack","props","P_PROP_bridge_stone_01",no
"Fantastic Village Pack","props","P_PROP_bridge_wood_01",no
"Fantastic Village Pack","props","P_PROP_bridge_wood_02",no
"Fantastic Village Pack","props","P_PROP_bridge_wood_03",no
"Fantastic Village Pack","props","P_PROP_bridge_wood_04",no
"Fantastic Village Pack","props","P_PROP_bucket_01",no
"Fantastic Village Pack","props","P_PROP_bucket_02",no
"Fantastic Village Pack","props","P_PROP_bucket_03",no
"Fantastic Village Pack","props","P_PROP_bucket_04",no
"Fantastic Village Pack","props","P_PROP_campfire",no
"Fantastic Village Pack","props","P_PROP_campfire_poles",no
"Fantastic Village Pack","props","P_PROP_cart_01",no
"Fantastic Village Pack","props","P_PROP_cart_02",no
"Fantastic Village Pack","props","P_PROP_cart_03",no
"Fantastic Village Pack","props","P_PROP_cart_wheel_big",no
"Fantastic Village Pack","props","P_PROP_cart_wheel_small",no
"Fantastic Village Pack","props","P_PROP_chair_02",no
"Fantastic Village Pack","props","P_PROP_chair_03",no
"Fantastic Village Pack","props","P_PROP_clothesline_01",no
"Fantastic Village Pack","props","P_PROP_clothesline_02",no
"Fantastic Village Pack","props","P_PROP_clothesline_03",no
"Fantastic Village Pack","props","P_PROP_coffin",no
"Fantastic Village Pack","props","P_PROP_cookingpot_big",no
"Fantastic Village Pack","props","P_PROP_cookingpot_small",no
"Fantastic Village Pack","props","P_PROP_crate_01",no
"Fantastic Village Pack","props","P_PROP_crate_02",no
"Fantastic Village Pack","props","P_PROP_crate_03",no
"Fantastic Village Pack","props","P_PROP_crate_04",no
"Fantastic Village Pack","props","P_PROP_crate_05",no
"Fantastic Village Pack","props","P_PROP_cup",no
"Fantastic Village Pack","props","P_PROP_fence_door_gate",no
"Fantastic Village Pack","props","P_PROP_fence_v01_01",no
"Fantastic Village Pack","props","P_PROP_fence_v01_02",no
"Fantastic Village Pack","props","P_PROP_fence_v01_03",no
"Fantastic Village Pack","props","P_PROP_fence_v01_04",no
"Fantastic Village Pack","props","P_PROP_fence_v01_05",no
"Fantastic Village Pack","props","P_PROP_fence_v02_01",no
"Fantastic Village Pack","props","P_PROP_fence_v02_02",no
"Fantastic Village Pack","props","P_PROP_fence_v02_03",no
"Fantastic Village Pack","props","P_PROP_fence_v02_04",no
"Fantastic Village Pack","props","P_PROP_fence_v03_01",no
"Fantastic Village Pack","props","P_PROP_fence_v03_02",no
"Fantastic Village Pack","props","P_PROP_fence_v03_03",no
"Fantastic Village Pack","props","P_PROP_fence_v03_04",no
"Fantastic Village Pack","props","P_PROP_fence_v04_01",no
"Fantastic Village Pack","props","P_PROP_fence_v04_02",no
"Fantastic Village Pack","props","P_PROP_fence_v04_03",no
"Fantastic Village Pack","props","P_PROP_firepit",no
"Fantastic Village Pack","props","P_PROP_firepit_woodpile",no
"Fantastic Village Pack","props","P_PROP_flag_01",yes
"Fantastic Village Pack","props","P_PROP_flag_02",no
"Fantastic Village Pack","props","P_PROP_flag_03",no
"Fantastic Village Pack","props","P_PROP_flag_04",no
"Fantastic Village Pack","props","P_PROP_flag_05",no
"Fantastic Village Pack","props","P_PROP_flag_06",no
"Fantastic Village Pack","props","P_PROP_food_apple",no
"Fantastic Village Pack","props","P_PROP_food_banana_01",no
"Fantastic Village Pack","props","P_PROP_food_banana_02",no
"Fantastic Village Pack","props","P_PROP_food_bellpepper",no
"Fantastic Village Pack","props","P_PROP_food_bread_01",no
"Fantastic Village Pack","props","P_PROP_food_bread_02",no
"Fantastic Village Pack","props","P_PROP_food_bread_03",no
"Fantastic Village Pack","props","P_PROP_food_bread_04",no
"Fantastic Village Pack","props","P_PROP_food_bread_05",no
"Fantastic Village Pack","props","P_PROP_food_bread_06",no
"Fantastic Village Pack","props","P_PROP_food_bread_07",no
"Fantastic Village Pack","props","P_PROP_food_bread_08",no
"Fantastic Village Pack","props","P_PROP_food_bread_09",no
"Fantastic Village Pack","props","P_PROP_food_bread_10",no
"Fantastic Village Pack","props","P_PROP_food_bread_11",no
"Fantastic Village Pack","props","P_PROP_food_broccoli",no
"Fantastic Village Pack","props","P_PROP_food_carrot_01",no
"Fantastic Village Pack","props","P_PROP_food_carrot_02",no
"Fantastic Village Pack","props","P_PROP_food_cauliflower",no
"Fantastic Village Pack","props","P_PROP_food_cheese_01",no
"Fantastic Village Pack","props","P_PROP_food_cheese_02",no
"Fantastic Village Pack","props","P_PROP_food_cheese_03",no
"Fantastic Village Pack","props","P_PROP_food_cheese_04",no
"Fantastic Village Pack","props","P_PROP_food_cheese_05",no
"Fantastic Village Pack","props","P_PROP_food_cheese_06",no
"Fantastic Village Pack","props","P_PROP_food_chili_01",no
"Fantastic Village Pack","props","P_PROP_food_chili_02",no
"Fantastic Village Pack","props","P_PROP_food_chili_03",no
"Fantastic Village Pack","props","P_PROP_food_chili_04",no
"Fantastic Village Pack","props","P_PROP_food_coconut_01",no
"Fantastic Village Pack","props","P_PROP_food_coconut_02",no
"Fantastic Village Pack","props","P_PROP_food_corn",no
"Fantastic Village Pack","props","P_PROP_food_cucumber_01",no
"Fantastic Village Pack","props","P_PROP_food_cucumber_02",no
"Fantastic Village Pack","props","P_PROP_food_cucumber_03",no
"Fantastic Village Pack","props","P_PROP_food_egg_01",no
"Fantastic Village Pack","props","P_PROP_food_egg_02",no
"Fantastic Village Pack","props","P_PROP_food_egg_03",no
"Fantastic Village Pack","props","P_PROP_food_egg_04",no
"Fantastic Village Pack","props","P_PROP_food_egg_05",no
"Fantastic Village Pack","props","P_PROP_food_fish_01",no
"Fantastic Village Pack","props","P_PROP_food_fish_02",no
"Fantastic Village Pack","props","P_PROP_food_garlic",no
"Fantastic Village Pack","props","P_PROP_food_grapes_01",no
"Fantastic Village Pack","props","P_PROP_food_grapes_02",no
"Fantastic Village Pack","props","P_PROP_food_leek",no
"Fantastic Village Pack","props","P_PROP_food_lemon_01",no
"Fantastic Village Pack","props","P_PROP_food_lemon_02",no
"Fantastic Village Pack","props","P_PROP_food_lemon_03",no
"Fantastic Village Pack","props","P_PROP_food_mango_01",no
"Fantastic Village Pack","props","P_PROP_food_mango_02",no
"Fantastic Village Pack","props","P_PROP_food_meat_01",no
"Fantastic Village Pack","props","P_PROP_food_meat_02",no
"Fantastic Village Pack","props","P_PROP_food_meat_03",no
"Fantastic Village Pack","props","P_PROP_food_meat_04",no
"Fantastic Village Pack","props","P_PROP_food_meat_05",no
"Fantastic Village Pack","props","P_PROP_food_meat_06",no
"Fantastic Village Pack","props","P_PROP_food_meat_07",no
"Fantastic Village Pack","props","P_PROP_food_meat_08",no
"Fantastic Village Pack","props","P_PROP_food_meat_09",no
"Fantastic Village Pack","props","P_PROP_food_meat_10",no
"Fantastic Village Pack","props","P_PROP_food_meat_11",no
"Fantastic Village Pack","props","P_PROP_food_mushroom_01",no
"Fantastic Village Pack","props","P_PROP_food_mushroom_02",no
"Fantastic Village Pack","props","P_PROP_food_onion",no
"Fantastic Village Pack","props","P_PROP_food_orange_01",no
"Fantastic Village Pack","props","P_PROP_food_orange_02",no
"Fantastic Village Pack","props","P_PROP_food_pear",no
"Fantastic Village Pack","props","P_PROP_food_plum",no
"Fantastic Village Pack","props","P_PROP_food_potato_01",no
"Fantastic Village Pack","props","P_PROP_food_potato_02",no
"Fantastic Village Pack","props","P_PROP_food_potato_03",no
"Fantastic Village Pack","props","P_PROP_food_pumpkin_01",no
"Fantastic Village Pack","props","P_PROP_food_pumpkin_02",no
"Fantastic Village Pack","props","P_PROP_food_pumpkin_03",no
"Fantastic Village Pack","props","P_PROP_food_pumpkin_04",no
"Fantastic Village Pack","props","P_PROP_food_salad",no
"Fantastic Village Pack","props","P_PROP_food_sausage_01",no
"Fantastic Village Pack","props","P_PROP_food_sausage_02",no
"Fantastic Village Pack","props","P_PROP_food_sausage_03",no
"Fantastic Village Pack","props","P_PROP_food_sausage_04",no
"Fantastic Village Pack","props","P_PROP_food_sausage_05",no
"Fantastic Village Pack","props","P_PROP_food_sausage_06",no
"Fantastic Village Pack","props","P_PROP_food_springonion",no
"Fantastic Village Pack","props","P_PROP_food_tomato",no
"Fantastic Village Pack","props","P_PROP_food_turnip",no
"Fantastic Village Pack","props","P_PROP_food_watermelon_01",no
"Fantastic Village Pack","props","P_PROP_food_watermelon_02",no
"Fantastic Village Pack","props","P_PROP_food_watermelon_03",no
"Fantastic Village Pack","props","P_PROP_food_watermelon_04",no
"Fantastic Village Pack","props","P_PROP_foundation_wood_01",no
"Fantastic Village Pack","props","P_PROP_foundation_wood_02",no
"Fantastic Village Pack","props","P_PROP_foundation_wood_03",no
"Fantastic Village Pack","props","P_PROP_foundation_wood_04",no
"Fantastic Village Pack","props","P_PROP_foundation_wood_05",no
"Fantastic Village Pack","props","P_PROP_gallows",no
"Fantastic Village Pack","props","P_PROP_guillotine",no
"Fantastic Village Pack","props","P_PROP_hangingboard",no
"Fantastic Village Pack","props","P_PROP_hay_01",no
"Fantastic Village Pack","props","P_PROP_hay_02",no
"Fantastic Village Pack","props","P_PROP_hay_03",no
"Fantastic Village Pack","props","P_PROP_hay_04",no
"Fantastic Village Pack","props","P_PROP_hay_05",no
"Fantastic Village Pack","props","P_PROP_hay_06",no
"Fantastic Village Pack","props","P_PROP_horsestation",no
"Fantastic Village Pack","props","P_PROP_knife_01",no
"Fantastic Village Pack","props","P_PROP_knife_02",no
"Fantastic Village Pack","props","P_PROP_ladder",no
"Fantastic Village Pack","props","P_PROP_lantern_01",no
"Fantastic Village Pack","props","P_PROP_lantern_02",no
"Fantastic Village Pack","props","P_PROP_lantern_03",no
"Fantastic Village Pack","props","P_PROP_lantern_04",no
"Fantastic Village Pack","props","P_PROP_mailbox",no
"Fantastic Village Pack","props","P_PROP_market_shelf_01",yes
"Fantastic Village Pack","props","P_PROP_market_shelf_02",no
"Fantastic Village Pack","props","P_PROP_market_shelf_02_deco",no
"Fantastic Village Pack","props","P_PROP_market_shelf_03",no
"Fantastic Village Pack","props","P_PROP_market_shelf_03_deco",no
"Fantastic Village Pack","props","P_PROP_market_v01_01",no
"Fantastic Village Pack","props","P_PROP_market_v01_02",no
"Fantastic Village Pack","props","P_PROP_market_v02_01",no
"Fantastic Village Pack","props","P_PROP_market_v02_02",no
"Fantastic Village Pack","props","P_PROP_market_v03_01",no
"Fantastic Village Pack","props","P_PROP_market_v03_02",no
"Fantastic Village Pack","props","P_PROP_market_v04_01",no
"Fantastic Village Pack","props","P_PROP_market_v04_02",no
"Fantastic Village Pack","props","P_PROP_outhouse",no
"Fantastic Village Pack","props","P_PROP_pan",no
"Fantastic Village Pack","props","P_PROP_paper_01",no
"Fantastic Village Pack","props","P_PROP_paper_02",no
"Fantastic Village Pack","props","P_PROP_paper_03",no
"Fantastic Village Pack","props","P_PROP_paper_04",no
"Fantastic Village Pack","props","P_PROP_pitchfork",no
"Fantastic Village Pack","props","P_PROP_planks_01",no
"Fantastic Village Pack","props","P_PROP_planks_02",no
"Fantastic Village Pack","props","P_PROP_planks_03",no
"Fantastic Village Pack","props","P_PROP_plate_metal_01",no
"Fantastic Village Pack","props","P_PROP_plate_metal_02",no
"Fantastic Village Pack","props","P_PROP_plate_wood",no
"Fantastic Village Pack","props","P_PROP_poster_01",no
"Fantastic Village Pack","props","P_PROP_poster_02",no
"Fantastic Village Pack","props","P_PROP_railing_v01_01",no
"Fantastic Village Pack","props","P_PROP_railing_v01_02",no
"Fantastic Village Pack","props","P_PROP_railing_v02_01",no
"Fantastic Village Pack","props","P_PROP_railing_v02_02",no
"Fantastic Village Pack","props","P_PROP_railing_v03_01",no
"Fantastic Village Pack","props","P_PROP_railing_v03_02",no
"Fantastic Village Pack","props","P_PROP_rowboat",no
"Fantastic Village Pack","props","P_PROP_sack_01",no
"Fantastic Village Pack","props","P_PROP_sack_02",no
"Fantastic Village Pack","props","P_PROP_sack_03",no
"Fantastic Village Pack","props","P_PROP_sack_04",no
"Fantastic Village Pack","props","P_PROP_sack_05",no
"Fantastic Village Pack","props","P_PROP_sack_06",no
"Fantastic Village Pack","props","P_PROP_sack_07",no
"Fantastic Village Pack","props","P_PROP_sack_08",no
"Fantastic Village Pack","props","P_PROP_sack_09",no
"Fantastic Village Pack","props","P_PROP_sack_10",no
"Fantastic Village Pack","props","P_PROP_sack_11",no
"Fantastic Village Pack","props","P_PROP_scroll",no
"Fantastic Village Pack","props","P_PROP_sign_01",no
"Fantastic Village Pack","props","P_PROP_sign_02",no
"Fantastic Village Pack","props","P_PROP_sign_03",no
"Fantastic Village Pack","props","P_PROP_sign_04",no
"Fantastic Village Pack","props","P_PROP_sign_05",no
"Fantastic Village Pack","props","P_PROP_sign_06",no
"Fantastic Village Pack","props","P_PROP_signpost_01",yes
"Fantastic Village Pack","props","P_PROP_signpost_02",no
"Fantastic Village Pack","props","P_PROP_signpost_03",no
"Fantastic Village Pack","props","P_PROP_signpost_04",no
"Fantastic Village Pack","props","P_PROP_spikes_v01_01",no
"Fantastic Village Pack","props","P_PROP_spikes_v01_02",no
"Fantastic Village Pack","props","P_PROP_spikes_v01_03",no
"Fantastic Village Pack","props","P_PROP_spikes_v02_01",no
"Fantastic Village Pack","props","P_PROP_spikes_v02_02",no
"Fantastic Village Pack","props","P_PROP_spikes_v02_03",no
"Fantastic Village Pack","props","P_PROP_spoon_01",no
"Fantastic Village Pack","props","P_PROP_spoon_02",no
"Fantastic Village Pack","props","P_PROP_stairs_wood_01",no
"Fantastic Village Pack","props","P_PROP_stairs_wood_02",no
"Fantastic Village Pack","props","P_PROP_stairs_wood_03",no
"Fantastic Village Pack","props","P_PROP_stepladder",no
"Fantastic Village Pack","props","P_PROP_stone_01",no
"Fantastic Village Pack","props","P_PROP_stone_02",no
"Fantastic Village Pack","props","P_PROP_stone_03",no
"Fantastic Village Pack","props","P_PROP_stone_04",no
"Fantastic Village Pack","props","P_PROP_stool_01",no
"Fantastic Village Pack","props","P_PROP_stool_02",no
"Fantastic Village Pack","props","P_PROP_streetlamp_v01_01",no
"Fantastic Village Pack","props","P_PROP_streetlamp_v01_02",no
"Fantastic Village Pack","props","P_PROP_streetlamp_v01_03",no
"Fantastic Village Pack","props","P_PROP_streetlamp_v01_04",no
"Fantastic Village Pack","props","P_PROP_streetlamp_v02_01",no
"Fantastic Village Pack","props","P_PROP_streetlamp_v02_02",no
"Fantastic Village Pack","props","P_PROP_streetlamp_v02_03",no
"Fantastic Village Pack","props","P_PROP_streetlamp_v02_04",no
"Fantastic Village Pack","props","P_PROP_table_01",no
"Fantastic Village Pack","props","P_PROP_table_02",no
"Fantastic Village Pack","props","P_PROP_table_03",no
"Fantastic Village Pack","props","P_PROP_table_04",no
"Fantastic Village Pack","props","P_PROP_treasurechest",no
"Fantastic Village Pack","props","P_PROP_treetrunk_01",no
"Fantastic Village Pack","props","P_PROP_treetrunk_02",no
"Fantastic Village Pack","props","P_PROP_treetrunk_03",no
"Fantastic Village Pack","props","P_PROP_treetrunk_04",no
"Fantastic Village Pack","props","P_PROP_trough_01",no
"Fantastic Village Pack","props","P_PROP_trough_02",no
"Fantastic Village Pack","props","P_PROP_walkway_wood",no
"Fantastic Village Pack","props","P_PROP_wall_stone_small_01",no
"Fantastic Village Pack","props","P_PROP_wall_stone_small_02",no
"Fantastic Village Pack","props","P_PROP_wall_stone_small_03",no
"Fantastic Village Pack","props","P_PROP_wall_stone_small_04",no
"Fantastic Village Pack","props","P_PROP_wall_wood",no
"Fantastic Village Pack","props","P_PROP_wall_wood_corner_01",no
"Fantastic Village Pack","props","P_PROP_wall_wood_corner_02",no
"Fantastic Village Pack","props","P_PROP_wall_wood_gate_frame_01",no
"Fantastic Village Pack","props","P_PROP_wall_wood_gate_frame_02",no
"Fantastic Village Pack","props","P_PROP_wall_wood_post_01",no
"Fantastic Village Pack","props","P_PROP_wall_wood_post_02",no
"Fantastic Village Pack","props","P_PROP_wall_wood_post_03",no
"Fantastic Village Pack","props","P_PROP_wall_wood_post_04",no
"Fantastic Village Pack","props","P_PROP_wall_wood_stairs_01",no
"Fantastic Village Pack","props","P_PROP_wall_wood_stairs_02",no
"Fantastic Village Pack","props","P_PROP_watchtower_wood_01",no
"Fantastic Village Pack","props","P_PROP_watchtower_wood_02",no
"Fantastic Village Pack","props","P_PROP_watchtower_wood_02_small",no
"Fantastic Village Pack","props","P_PROP_weathervane",no
"Fantastic Village Pack","props","P_PROP_well",no
"PolyOne","Prefabs","SM_SoftHills",no
"Polyart","Effects","Campfire",no
"Polyart","Effects","Dust_Particle",no
"Polyart","Effects","Dust_Particle_Red",no
"Polyart","Effects","Leaf_Particle",no
"Polyart","Effects","Leaf_Particle_Wind",no
"Polyart","Effects","Leaf_Particle_WindRed",no
"Polyart","Effects","PF_FireBig",no
"Polyart","Effects","PF_FireMedium",no
"Polyart","Effects","PF_FireSmall",no
"Polyart","Effects","PS_ChimneySmoke",no
"Polyart","Effects","P_Butterflies_Blue",no
"Polyart","Effects","P_Butterflies_Red",no
"Polyart","Effects","P_CandleFlame",no
"Polyart","Effects","P_Crows_Orbit",no
"Polyart","Effects","P_Crows_Random",no
"Polyart","Effects","P_Dust_Gray",no
"Polyart","Effects","P_Dust_Gray_Wind",no
"Polyart","Effects","P_Dust_Green",no
"Polyart","Effects","P_Dust_Red",no
"Polyart","Effects","P_Dust_Wind",no
"Polyart","Effects","P_FallingLeaves_Tower",no
"Polyart","Effects","P_FallingLeaves_Tower_Red",no
"Polyart","Effects","P_Fire",no
"Polyart","Effects","P_FogCard_01",no
"Polyart","Effects","P_FogCard_02",no
"Polyart","Effects","P_Smoke",no
"Polyart","Effects","P_Smoke_Long",no
"Polyart","Effects","P_StylizedFog_Blue",no
"Polyart","Effects","P_Sunshaft",no
"Polyart","Effects","P_WaterMist",no
"Polyart","Effects","P_WaterSplash",no
"Polyart","Effects","P_WaterSplash_02",no
"Polyart","Effects","Particle System",no
"Polyart","Effects","Smoke",no
"Polyart","Effects","Stylized_Fog",no
"Polyart","Effects","SunShaft",no
"Polyart","Effects","VFX_EastLands_Fireball",no
"Polyart","Effects","VFX_EastLands_Fireball_Purple",no
"Polyart","Effects","VFX_EastLands_HeroTreeLeaves",no
"Polyart","Effects","VFX_EastLands_TreeLeaves",no
"Polyart","Foliage","GameObject",no
"Polyart","Foliage","Prefab_Bush_01",no
"Polyart","Foliage","Prefab_Bush_02",no
"Polyart","Foliage","Prefab_Bush_03",no
"Polyart","Foliage","Prefab_Bush_04",no
"Polyart","Foliage","Prefab_Bush_04_Flowers",no
"Polyart","Foliage","Prefab_Bush_05",no
"Polyart","Foliage","Prefab_Bush_06",no
"Polyart","Foliage","Prefab_Bush_07",no
"Polyart","Foliage","Prefab_Bush_08",no
"Polyart","Foliage","Prefab_Bush_09",no
"Polyart","Foliage","Prefab_FlowerField_01",no
"Polyart","Foliage","Prefab_FlowerField_02",no
"Polyart","Foliage","Prefab_Flower_01",no
"Polyart","Foliage","Prefab_Flower_02",no
"Polyart","Foliage","Prefab_Flower_03",no
"Polyart","Foliage","Prefab_Flower_04",no
"Polyart","Foliage","Prefab_Mushroom_01",no
"Polyart","Foliage","Prefab_Mushroom_02",no
"Polyart","Foliage","Prefab_Mushroom_03",no
"Polyart","Foliage","Prefab_Mushroom_04",no
"Polyart","Foliage","Prefab_Mushroom_05",no
"Polyart","Foliage","Prefab_Mushroom_06",no
"Polyart","Grass","Prefab_Grass_01",no
"Polyart","Grass","Prefab_Grass_01_Detail",no
"Polyart","Grass","Prefab_Grass_02",no
"Polyart","Grass","Prefab_Grass_02_Detail",no
"Polyart","Grass","Prefab_Grass_03",no
"Polyart","Grass","Prefab_Grass_03_Detail",no
"Polyart","Grass","Prefab_Grass_Basic_01",no
"Polyart","Grass","Prefab_Grass_Group_01",no
"Polyart","Grass","Prefab_Grass_Group_01_Detail",no
"Polyart","Grass","Prefab_Grass_Group_02",no
"Polyart","Grass","Prefab_Grass_Group_02_Detail",no
"Polyart","Prefabs","Door_Entrance",no
"Polyart","Prefabs","Door_Exit",no
"Polyart","Prefabs","FirstPersonController",no
"Polyart","Prefabs","MainCamera",no
"Polyart","Props","Prefab_Barrel_01",no
"Polyart","Props","Prefab_Bench_01",no
"Polyart","Props","Prefab_Campfire_Lit",no
"Polyart","Props","Prefab_Campfire_Unlit",no
"Polyart","Props","Prefab_Crate_01",no
"Polyart","Props","Prefab_Docks",no
"Polyart","Props","Prefab_Fence_01",no
"Polyart","Props","Prefab_Fence_02",no
"Polyart","Props","Prefab_Fence_03",no
"Polyart","Props","Prefab_Pan_01",no
"Polyart","Props","Prefab_Pot_01",no
"Polyart","Props","Prefab_Pot_Cover",no
"Polyart","Props","Prefab_Pot_Hook",no
"Polyart","Props","Prefab_Potion",no
"Polyart","Props","Prefab_Sack_01",no
"Polyart","Props","Prefab_SleepingBag_01",no
"Polyart","Props","Prefab_SleepingBag_02",no
"Polyart","Props","Prefab_Stick_01",no
"Polyart","Props","Prefab_Stick_02",no
"Polyart","Props","Prefab_Stick_03",no
"Polyart","Props","Prefab_Tent",no
"Polyart","Props","Prefab_TreeFallen",no
"Polyart","Props","Prefab_TreeFallen_Coverage",no
"Polyart","Props","Prefab_TreeStump_01",no
"Polyart","Props","Prefab_TreeStump_01_Coverage",no
"Polyart","Props","Prefab_WoodSign_01",no
"Polyart","Rocks","Prefab_RockFormation_01",no
"Polyart","Rocks","Prefab_RockFormation_02",no
"Polyart","Rocks","Prefab_RockFormation_03",no
"Polyart","Rocks","Prefab_RockFormation_04",no
"Polyart","Rocks","Prefab_RocksRound_01",no
"Polyart","Rocks","Prefab_RocksRound_02",no
"Polyart","Rocks","Prefab_RocksRound_03",no
"Polyart","Rocks","Prefab_RuneRock_01",no
"Polyart","Rocks","Prefab_RuneRock_02",no
"Polyart","Rocks","Prefab_SmallRock_01",no
"Polyart","Rocks","Prefab_SmallRock_01_Sand",no
"Polyart","Rocks","Prefab_SmallRock_02",no
"Polyart","Rocks","Prefab_SmallRock_03",no
"Polyart","Rocks","Prefab_StoneSmall_01",no
"Polyart","Rocks","Prefab_StoneSmall_02",no
"Polyart","Rocks","Prefab_StoneSmall_03",no
"Polyart","Rocks","Prefab_StoneSmall_04",no
"Polyart","Rocks","Prefab_StoneSmall_05",no
"Polyart","SharedResources","Directional Light",no
"Polyart","SharedResources","Rimlight",no
"Polyart","Terrain","Prefab_Terrain_01",no
"Polyart","Terrain","Prefab_Terrain_02",no
"Polyart","Tools","Decal",no
"Polyart","Tools","Ocean Tool",no
"Polyart","Tools","Path Tool",no
"Polyart","Tools","RiverGenerator",no
"Polyart","Trees","Prefab_Birch_01",no
"Polyart","Trees","Prefab_Birch_02",no
"Polyart","Trees","Prefab_Birch_03",no
"Polyart","Trees","Prefab_Birch_03_Red",no
"Polyart","Trees","Prefab_Birch_04",no
"Polyart","Trees","Prefab_Birch_05",no
"Polyart","Trees","Prefab_TreeLarge_01",no
"Polyart","Trees","Prefab_TreeLarge_02",no
"Polyart","Trees","Prefab_TreeLarge_03",no
"Polyart","Trees","Prefab_TreeLarge_04",no
"Polyart","Water","Prefab_Foam",no
"Polyart","Water","Prefab_FoamTop",no
"Polyart","Water","Prefab_FoamVolumetric",no
"Polyart","Water","Prefab_WaterLake",no
"Polyart","Water","Prefab_WaterfallMain",no
"Polyart","Water","SM_WaterRiver",no
"UpDraftArt","Prefabs","Anvil",no
"UpDraftArt","Prefabs","Coal Pile",no
"UpDraftArt","Prefabs","Flat Tongs",no
"UpDraftArt","Prefabs","Small Hammer",no
"Vefects","Lights","VFX_Point_Light",no
"Vefects","Meshes","SM_VFX_Background_Plate_01",no
"Vefects","Particles","VFX_Fire_01_Big",no
"Vefects","Particles","VFX_Fire_01_Big_Simple",no
"Vefects","Particles","VFX_Fire_01_Big_Smoke",no
"Vefects","Particles","VFX_Fire_01_Medium",no
"Vefects","Particles","VFX_Fire_01_Medium_Simple",no
"Vefects","Particles","VFX_Fire_01_Medium_Smoke",no
"Vefects","Particles","VFX_Fire_01_Small",no
"Vefects","Particles","VFX_Fire_01_Small_Simple",no
"Vefects","Particles","VFX_Fire_01_Small_Smoke",no
"Vefects","Particles","VFX_Fire_Floor_01",no
"Vefects","Particles","VFX_Fire_Floor_01_Simple",no
"Vefects","Particles","VFX_Fire_Floor_01_Smoke",no
"Vefects","Particles","VFX_Fire_Floor_02",no
"Vefects","Particles","VFX_Fire_Floor_02_Simple",no
"Vefects","Particles","VFX_Fire_Floor_02_Smoke",no
"Vefects","Prefabs","VFX",no
"msVFX_Free Smoke Effects Pack","Prefabs","msVFX_Stylized Smoke 1",no
"msVFX_Free Smoke Effects Pack","Prefabs","msVFX_Stylized Smoke 2",no
"msVFX_Free Smoke Effects Pack","Prefabs","msVFX_Stylized Smoke 3",no
"msVFX_Free Smoke Effects Pack","Prefabs","msVFX_Stylized Smoke 4",no
