year,alive,aggPop,aggregates,villages,bearersAliveMin
1,5,0.0,0,0,
2,5,0.0,0,0,
3,5,0.0,0,0,
4,5,0.0,0,0,
5,5,0.0,0,0,
6,5,0.0,0,0,
7,6,0.0,0,0,
8,6,0.0,0,0,
9,6,0.0,0,0,
10,7,0.0,0,0,
11,8,0.0,0,0,
12,8,0.0,0,0,
13,8,0.0,0,0,
14,8,0.0,0,0,
15,8,0.0,0,0,
16,9,0.0,0,0,
17,9,0.0,0,0,
18,10,0.0,0,0,
19,10,0.0,0,0,
20,10,0.0,0,0,
21,11,0.0,0,0,
22,11,0.0,0,0,
23,12,0.0,0,0,
24,12,0.0,0,0,
25,12,0.0,0,0,
26,13,0.0,0,0,
27,14,0.0,0,0,
28,14,0.0,0,0,
29,15,0.0,0,0,
30,16,0.0,0,0,
31,17,0.0,0,1,
32,17,0.0,0,1,
33,17,0.0,0,1,
34,18,0.0,0,1,
35,18,0.0,0,1,
36,19,0.0,0,1,
37,19,0.0,0,2,
38,19,0.0,0,2,
39,19,0.0,0,2,
40,19,0.0,0,2,
41,19,0.0,0,2,
42,20,0.0,0,2,
43,21,0.0,0,2,
44,21,0.0,0,2,
45,22,0.0,0,2,
46,22,0.0,0,2,
47,22,0.0,0,2,
48,23,0.0,0,2,
49,23,0.0,0,2,
50,23,0.0,0,2,
51,23,0.0,0,2,
52,27,0.0,0,2,
53,26,0.0,0,2,
54,27,0.0,0,2,
55,28,0.0,0,2,
56,29,0.0,0,2,
57,29,0.0,0,2,
58,31,0.0,0,2,
59,33,0.0,0,2,
60,34,0.0,0,2,
61,35,0.0,0,2,
62,36,0.0,0,2,
63,38,0.0,0,2,
64,38,0.0,0,2,
65,39,0.0,0,2,
66,42,0.0,0,2,
67,43,0.0,0,2,
68,44,0.0,0,2,
69,46,0.0,0,2,
70,46,0.0,0,2,
71,48,0.0,0,2,
72,51,0.0,0,4,
73,52,0.0,0,4,
74,54,0.0,0,4,
75,56,0.0,0,4,
76,57,0.0,0,4,
77,59,0.0,0,4,
78,63,0.0,0,4,
79,65,0.0,0,4,
80,66,0.0,0,4,
81,71,0.0,0,4,
82,73,0.0,0,4,
83,74,0.0,0,4,
84,76,0.0,0,4,
85,80,0.0,0,4,
86,82,0.0,0,4,
87,84,0.0,0,4,
88,87,0.0,0,4,
89,89,0.0,0,4,
90,92,0.0,0,4,
91,93,0.0,0,4,
92,95,0.0,0,4,
93,97,0.0,0,4,
94,97,0.0,0,4,
95,102,0.0,0,4,
96,108,0.0,0,4,
97,112,0.0,0,4,
98,115,0.0,0,4,
99,121,0.0,0,4,
100,129,0.0,0,4,
101,131,0.0,0,4,
102,133,0.0,0,4,
103,139,0.0,0,4,
104,139,0.0,0,4,
105,137,0.0,0,4,
106,135,0.0,0,4,
107,136,0.0,0,4,
108,135,0.0,0,4,
109,135,0.0,0,4,
110,135,0.0,0,4,
111,135,0.0,0,4,
112,134,0.0,0,4,
113,134,0.0,0,4,
114,133,0.0,0,4,
115,132,0.0,0,4,
116,132,0.0,0,4,
117,132,0.0,0,4,
118,132,0.0,0,4,
119,131,0.0,0,4,
120,135,0.0,0,4,
121,134,0.0,0,4,
122,134,0.0,0,4,
123,134,0.0,0,4,
124,133,0.0,0,4,
125,132,0.0,0,4,
126,133,0.0,0,4,
127,151,0.0,0,4,
128,156,0.0,0,4,
129,155,0.0,0,4,
130,159,0.0,0,4,
131,159,0.0,0,4,
132,158,0.0,0,4,
133,155,0.0,0,4,
134,155,0.0,0,4,
135,154,0.0,0,5,
136,155,0.0,0,5,
137,155,0.0,0,6,
138,156,0.0,0,6,
139,155,0.0,0,6,
140,153,0.0,0,6,
141,153,0.0,0,6,
142,156,0.0,0,6,
143,156,0.0,0,6,
144,155,0.0,0,6,
145,152,0.0,0,6,
146,152,0.0,0,6,
147,150,0.0,0,6,
148,150,0.0,0,6,
149,149,0.0,0,6,
150,146,0.0,0,6,
151,138,0.0,0,6,
152,137,0.0,0,6,
153,137,0.0,0,6,
154,133,0.0,0,6,
155,131,0.0,0,6,
156,130,0.0,0,6,
157,127,0.0,0,6,
158,128,0.0,0,6,
159,129,0.0,0,6,
160,130,0.0,0,6,
161,128,0.0,0,6,
162,131,0.0,0,6,
163,132,0.0,0,6,
164,131,0.0,0,6,
165,134,0.0,0,6,
166,136,0.0,0,6,
167,136,0.0,0,6,
168,136,0.0,0,6,
169,139,0.0,0,6,
170,136,0.0,0,6,
171,139,0.0,0,6,
172,144,0.0,0,6,
173,144,0.0,0,6,
174,148,0.0,0,6,
175,155,0.0,0,6,
176,158,0.0,0,6,
177,158,0.0,0,6,
178,159,0.0,0,6,
179,159,0.0,0,6,
180,159,0.0,0,7,
181,154,0.0,0,7,
182,152,0.0,0,7,
183,149,0.0,0,7,
184,149,0.0,0,7,
185,147,0.0,0,7,
186,143,0.0,0,7,
187,142,0.0,0,7,
188,138,0.0,0,7,
189,137,0.0,0,7,
190,135,0.0,0,7,
191,134,0.0,0,7,
192,133,0.0,0,7,
193,132,0.0,0,7,
194,133,0.0,0,7,
195,133,0.0,0,7,
196,135,0.0,0,7,
197,136,0.0,0,7,
198,135,0.0,0,7,
199,148,0.0,0,7,
200,157,0.0,0,7,
201,161,0.0,0,7,
202,167,0.0,0,7,
203,176,0.0,0,7,
204,180,0.0,0,7,
205,181,0.0,0,7,
206,182,0.0,0,7,
207,133,52.7,1,7,15
208,133,50.8,1,7,15
209,135,50.9,1,7,15
210,132,51.1,1,7,15
211,135,51.2,1,7,15
212,137,50.6,1,7,15
213,139,50.8,1,7,15
214,140,50.9,1,7,15
215,140,51.1,1,7,15
216,139,51.4,1,7,14
217,144,50.8,1,7,15
218,144,50.2,1,7,15
219,145,50.5,1,7,15
220,145,50.7,1,7,15
221,147,50.0,1,7,15
222,147,50.3,1,7,15
223,145,50.5,1,7,14
224,149,48.9,1,7,15
225,151,49.1,1,7,15
226,150,49.4,1,7,15
227,151,47.7,1,7,14
228,151,46.9,1,7,15
229,152,45.0,1,7,14
230,153,43.9,1,7,15
231,151,43.9,1,7,15
232,153,44.0,1,7,15
233,151,44.1,1,7,15
234,152,44.3,1,7,15
235,149,44.5,1,7,15
236,146,44.6,1,7,15
237,141,44.9,1,7,15
238,140,44.2,1,7,15
239,138,44.5,1,7,15
240,136,44.8,1,7,15
241,135,44.1,1,7,15
242,132,43.4,1,7,15
243,132,43.7,1,7,15
244,132,42.8,1,7,15
245,128,42.9,1,7,14
246,128,42.2,1,7,15
247,128,42.4,1,7,15
248,126,42.7,1,7,14
249,130,42.0,1,7,15
250,130,42.2,1,7,15
251,131,42.4,1,7,15
252,131,42.7,1,7,15
253,133,43.0,1,7,15
254,131,43.3,1,7,15
255,128,43.6,1,7,14
256,131,42.0,1,7,15
257,132,42.2,1,7,15
258,133,42.5,1,7,15
259,134,42.7,1,7,15
260,132,42.0,1,7,15
261,133,41.2,1,7,15
262,132,41.4,1,7,15
263,132,41.6,1,7,15
264,132,40.8,1,7,15
265,132,41.0,1,7,15
266,132,41.2,1,7,15
267,132,41.5,1,7,15
268,132,41.7,1,7,15
269,131,42.0,1,7,15
270,131,42.4,1,7,15
271,128,42.7,1,7,15
272,126,43.1,1,7,15
273,120,43.5,1,7,15
274,117,43.9,1,7,15
275,114,43.4,1,7,15
276,111,43.8,1,7,15
277,110,42.3,1,7,15
278,107,41.7,1,7,15
279,107,41.0,1,7,15
280,105,41.3,1,7,15
281,105,41.5,1,7,15
282,104,40.9,1,7,15
283,105,41.2,1,7,15
284,108,39.6,1,7,15
285,109,39.8,1,7,15
286,109,40.0,1,7,15
287,109,40.3,1,7,14
288,110,39.7,1,7,15
289,112,39.0,1,7,15
290,115,38.2,1,7,15
291,116,38.4,1,7,15
292,118,38.6,1,7,15
293,119,38.8,1,7,15
294,121,39.1,1,7,15
295,118,37.4,1,7,15
296,118,37.6,1,7,15
297,121,37.9,1,7,15
298,125,38.2,1,7,15
299,125,38.5,1,7,15
300,124,38.9,1,7,15
301,128,39.2,1,7,15
302,129,38.6,1,7,15
303,132,38.9,1,7,15
304,136,39.2,1,7,15
305,137,39.5,1,7,15
306,140,39.9,1,7,14
307,143,39.3,1,7,15
308,146,39.5,1,7,15
309,144,39.8,1,7,15
310,150,40.2,1,7,15
311,152,39.6,1,7,15
312,155,39.9,1,7,15
313,162,40.1,1,7,15
314,163,40.4,1,7,15
315,170,39.7,1,7,15
316,174,40.0,1,7,15
317,176,40.2,1,7,15
318,181,40.5,1,7,15
319,185,38.8,1,7,15
320,184,39.0,1,7,14
321,230,0.0,0,7,
322,161,67.5,1,7,15
323,160,68.4,1,7,15
324,159,69.4,1,7,15
325,158,70.2,1,7,15
326,156,71.2,1,7,15
327,155,72.2,1,7,15
328,153,72.3,1,7,15
329,151,71.3,1,7,14
330,151,71.3,1,7,14
331,151,70.1,1,7,14
332,150,68.8,1,7,15
333,147,69.5,1,7,14
334,146,69.2,1,7,15
335,145,69.8,1,7,15
336,144,69.4,1,7,15
337,144,69.1,1,7,15
338,142,69.7,1,7,15
339,140,69.3,1,7,15
340,139,69.9,1,7,15
341,137,70.5,1,7,15
342,134,70.2,1,7,15
343,133,70.8,1,7,15
344,132,71.3,1,7,15
345,131,72.0,1,7,15
346,130,72.7,1,7,15
347,130,73.3,1,7,15
348,126,73.0,1,7,14
349,123,72.6,1,7,15
350,120,73.1,1,7,14
351,121,71.7,1,7,15
352,122,72.1,1,7,15
353,121,72.5,1,7,15
354,121,73.0,1,7,15
355,123,73.4,1,7,15
356,121,73.9,1,7,15
357,120,74.4,1,7,15
358,123,73.9,1,7,15
359,121,74.3,1,7,15
360,120,74.8,1,7,15
361,120,75.3,1,7,15
362,119,75.7,1,7,15
363,120,76.2,1,7,15
364,119,76.7,1,7,15
365,120,77.1,1,7,15
366,119,76.7,1,7,15
367,117,77.2,1,7,15
368,112,77.8,1,7,15
369,111,78.3,1,7,15
370,111,78.8,1,7,15
371,111,79.3,1,7,15
372,107,79.9,1,7,15
373,103,79.4,1,7,15
374,104,79.8,1,7,15
375,102,80.2,1,7,15
376,98,79.7,1,7,15
377,96,80.1,1,7,15
378,92,79.6,1,7,15
379,89,79.2,1,7,15
380,86,78.7,1,7,15
381,85,78.1,1,7,15
382,89,78.5,1,7,15
383,86,78.8,1,7,15
384,85,78.3,1,7,14
385,86,77.7,1,7,15
386,80,77.1,1,7,15
387,83,77.4,1,7,15
388,84,77.8,1,7,15
389,85,78.2,1,7,15
390,87,78.5,1,7,15
391,88,79.0,1,7,15
392,90,78.4,1,7,15
393,96,78.8,1,7,15
394,98,79.1,1,7,15
395,98,78.5,1,7,15
396,102,78.0,1,7,15
397,106,78.3,1,7,15
398,107,78.6,1,7,15
399,107,79.0,1,7,15
400,106,79.5,1,7,15
401,104,80.1,1,7,15
402,104,80.6,1,7,15
403,102,80.0,1,7,15
404,102,80.5,1,7,15
405,101,80.9,1,7,15
406,101,80.3,1,7,15
407,101,79.7,1,7,15
408,101,80.1,1,7,15
409,101,80.4,1,7,15
410,101,80.8,1,7,15
411,101,80.2,1,7,15
412,101,80.6,1,7,15
413,101,81.0,1,7,15
414,100,81.4,1,7,15
415,116,81.7,1,7,15
416,120,82.0,1,7,15
417,123,82.2,1,7,15
418,122,81.4,1,7,15
419,122,81.7,1,7,15
420,121,81.9,1,7,14
421,122,81.2,1,7,15
422,121,81.5,1,7,15
423,122,81.8,1,7,15
424,121,82.0,1,7,15
425,120,82.3,1,7,15
426,122,81.7,1,7,15
427,123,81.9,1,7,15
428,124,82.2,1,7,15
429,123,82.5,1,7,15
430,125,82.8,1,7,15
431,124,82.2,1,7,15
432,125,80.5,1,7,15
433,123,80.7,1,7,15
434,122,81.0,1,7,15
435,121,81.3,1,7,15
436,117,80.6,1,7,14
437,117,78.9,1,7,15
438,117,79.1,1,7,15
439,117,79.4,1,7,15
440,115,79.6,1,7,15
441,113,79.9,1,7,15
442,111,78.3,1,7,15
443,110,78.5,1,7,15
444,109,77.8,1,7,15
445,109,78.0,1,7,15
446,106,77.3,1,7,15
447,105,77.6,1,7,14
448,104,76.9,1,7,15
449,101,76.2,1,7,15
450,101,76.5,1,7,15
451,106,76.7,1,7,15
452,108,76.9,1,7,15
453,107,77.2,1,7,15
454,106,75.5,1,7,15
455,113,75.7,1,7,15
456,115,75.8,1,7,15
457,114,76.0,1,7,15
458,118,76.2,1,7,15
459,123,76.4,1,7,15
460,124,76.7,1,7,15
461,123,76.8,1,7,14
462,126,76.0,1,7,15
463,129,76.0,1,7,15
464,131,76.0,1,7,15
465,130,76.1,1,7,15
466,131,76.4,1,7,15
467,130,76.5,1,7,15
468,127,76.7,1,7,15
469,128,76.9,1,7,15
470,128,77.2,1,7,15
471,125,77.4,1,7,15
472,126,77.6,1,7,15
473,131,77.0,1,7,15
474,133,75.3,1,7,15
475,134,75.5,1,7,15
476,137,74.7,1,7,15
477,136,74.9,1,7,15
478,137,75.1,1,7,15
479,141,75.4,1,7,15
480,145,74.6,1,7,15
481,152,73.8,1,7,15
482,154,74.0,1,7,15
483,154,73.1,1,7,15
484,160,72.2,1,7,15
485,165,72.4,1,7,15
486,166,71.5,1,7,14
487,166,70.7,1,7,15
488,164,70.8,1,7,15
489,163,71.0,1,7,15
490,162,71.2,1,7,15
491,160,71.5,1,7,15
492,159,71.6,1,7,15
493,158,70.9,1,7,15
494,157,70.1,1,7,15
495,154,70.2,1,7,15
496,154,70.5,1,7,15
497,154,69.7,1,7,15
498,153,69.9,1,7,15
499,152,70.1,1,7,15
500,150,70.3,1,7,15
501,148,70.6,1,7,15
502,145,69.9,1,7,15
503,143,69.1,1,7,15
504,143,69.4,1,7,15
505,141,69.6,1,7,15
506,141,69.9,1,7,15
507,141,70.2,1,7,15
508,141,70.5,1,7,15
509,141,70.8,1,7,15
510,140,71.2,1,7,15
511,140,70.5,1,7,15
512,139,70.9,1,7,14
513,139,69.2,1,7,15
514,137,69.5,1,7,15
515,133,68.8,1,7,15
516,133,69.1,1,7,15
517,131,69.4,1,7,15
518,130,69.7,1,7,15
519,129,69.1,1,7,15
520,125,69.4,1,7,15
521,122,69.8,1,7,15
522,122,70.2,1,7,15
523,120,70.6,1,7,15
524,118,71.0,1,7,15
525,113,71.4,1,7,15
526,110,69.9,1,7,15
527,105,70.3,1,7,15
528,102,70.7,1,7,15
529,101,71.2,1,7,15
530,102,71.7,1,7,15
531,103,72.2,1,7,15
532,100,72.7,1,7,15
533,97,73.2,1,7,15
534,97,73.7,1,7,15
535,94,73.3,1,7,15
536,91,71.8,1,7,15
537,90,70.3,1,7,15
538,86,69.6,1,7,15
539,84,70.0,1,7,15
540,81,68.4,1,7,15
541,74,68.7,1,7,15
542,73,69.1,1,7,15
543,70,69.6,1,7,15
544,66,70.0,1,7,15
545,61,70.6,1,7,15
546,60,70.1,1,7,15
547,59,70.6,1,7,15
548,63,71.1,1,7,15
549,63,71.7,1,7,15
550,62,72.3,1,7,15
551,61,72.9,1,7,15
552,61,73.6,1,7,15
553,58,74.3,1,7,15
554,59,75.0,1,7,15
555,58,74.7,1,7,15
556,59,74.2,1,7,15
557,60,74.8,1,7,15
558,58,75.4,1,7,15
559,60,76.0,1,7,15
560,60,75.6,1,7,15
561,62,75.2,1,7,15
562,61,75.6,1,7,15
563,59,76.2,1,7,15
564,59,74.8,1,7,15
565,62,75.3,1,7,15
566,63,75.7,1,7,15
567,65,75.2,1,7,15
568,68,75.7,1,7,15
569,68,76.2,1,7,15
570,69,76.8,1,7,15
571,73,76.3,1,7,15
572,76,76.7,1,7,15
573,77,77.3,1,7,15
574,81,77.9,1,7,15
575,84,77.4,1,7,15
576,85,77.9,1,7,15
577,91,78.4,1,7,15
578,95,78.8,1,7,15
579,98,79.3,1,7,15
580,105,79.8,1,7,15
581,106,78.2,1,7,15
582,109,78.5,1,7,15
583,110,77.9,1,7,15
584,110,77.3,1,7,15
585,110,77.6,1,7,15
586,109,77.9,1,7,14
587,110,77.2,1,7,15
588,108,77.6,1,7,15
589,108,77.1,1,7,15
590,108,77.5,1,7,15
591,107,77.8,1,7,15
592,106,78.2,1,7,15
593,104,78.7,1,7,14
594,106,77.2,1,7,15
595,122,77.4,1,7,15
596,126,77.7,1,7,15
597,130,78.0,1,7,15
598,138,78.4,1,7,15
599,147,77.8,1,7,15
600,153,78.1,1,7,15
601,159,78.3,1,7,14
602,167,76.5,1,7,15
603,168,76.5,1,7,15
604,167,76.5,1,7,15
605,170,76.5,1,7,15
606,170,75.7,1,7,15
607,170,75.7,1,7,15
608,168,74.8,1,7,15
609,170,73.9,1,7,15
610,168,72.9,1,7,15
611,170,72.9,1,7,15
612,170,73.0,1,7,15
613,169,72.2,1,7,15
614,169,71.3,1,7,14
615,171,70.4,1,7,15
616,172,70.4,1,7,15
617,172,70.5,1,7,15
618,169,69.7,1,7,15
619,170,69.8,1,7,15
620,169,70.0,1,7,15
621,167,70.2,1,7,15
622,171,70.5,1,7,15
623,169,69.7,1,7,15
624,172,68.9,1,7,15
625,174,69.0,1,7,15
626,171,69.1,1,7,15
627,173,69.3,1,7,15
628,168,69.5,1,7,15
629,169,69.7,1,7,15
630,169,70.0,1,7,15
631,168,70.2,1,7,15
632,168,69.5,1,7,15
633,170,68.7,1,7,15
634,171,68.9,1,7,15
635,172,67.0,1,7,14
636,177,65.0,1,7,15
637,176,64.8,1,7,15
638,176,64.9,1,7,15
639,179,64.9,1,7,15
640,178,64.9,1,7,15
641,176,65.0,1,7,15
642,175,65.1,1,7,15
643,175,64.3,1,7,15
644,176,64.4,1,7,15
645,174,64.5,1,7,14
646,174,62.6,1,7,15
647,176,62.6,1,7,15
648,176,62.7,1,7,15
649,173,62.8,1,7,15
650,172,61.8,1,7,15
651,170,61.9,1,7,15
652,169,62.0,1,7,15
653,166,62.2,1,7,15
654,164,62.4,1,7,15
655,161,62.7,1,7,15
656,159,62.8,1,7,15
657,154,63.0,1,7,15
658,151,63.3,1,7,15
659,149,62.7,1,7,15
660,147,62.0,1,7,15
661,147,62.2,1,7,15
662,144,60.5,1,7,15
663,141,60.7,1,7,15
664,138,60.0,1,7,15
665,137,59.3,1,7,15
666,132,59.5,1,7,15
667,129,58.8,1,7,15
668,129,59.0,1,7,15
669,129,58.3,1,7,15
670,128,58.6,1,7,15
671,127,58.8,1,7,15
672,125,59.1,1,7,15
673,119,59.5,1,7,15
674,115,59.8,1,7,15
675,117,59.2,1,7,15
676,116,59.6,1,7,15
677,112,59.9,1,7,14
678,115,58.3,1,7,14
679,119,57.6,1,7,15
680,122,56.8,1,7,15
681,121,57.0,1,7,15
682,123,56.2,1,7,15
683,125,56.5,1,7,15
684,124,56.7,1,7,15
685,123,57.0,1,7,15
686,124,57.3,1,7,15
687,121,57.7,1,7,15
688,119,57.0,1,7,15
689,120,57.3,1,7,15
690,117,57.6,1,7,15
691,117,57.9,1,7,15
692,118,57.3,1,7,15
693,120,57.6,1,7,15
694,119,57.0,1,7,15
695,119,57.3,1,7,15
696,121,56.7,1,7,15
697,120,56.9,1,7,15
698,122,57.2,1,7,15
699,119,57.5,1,7,14
700,123,56.9,1,7,15
701,121,57.3,1,7,15
702,119,56.6,1,7,15
703,121,56.9,1,7,15
704,119,56.3,1,7,15
705,114,56.7,1,7,15
706,118,57.0,1,7,15
707,114,57.4,1,7,15
708,116,57.9,1,7,15
709,120,58.4,1,7,15
710,127,58.9,1,7,15
711,129,58.4,1,7,15
712,133,58.9,1,7,15
713,135,59.2,1,7,15
714,134,59.5,1,7,15
715,137,59.8,1,7,15
716,145,59.0,1,7,15
717,144,58.0,1,7,15
718,147,57.1,1,7,15
719,150,57.2,1,7,15
720,157,57.4,1,7,15
721,161,56.6,1,7,15
722,164,56.8,1,7,15
723,166,56.9,1,7,15
724,163,56.1,1,7,14
725,163,55.3,1,7,15
726,163,54.4,1,7,15
727,161,54.6,1,7,14
728,163,52.7,1,7,15
729,165,51.8,1,7,15
730,164,51.8,1,7,15
731,166,51.8,1,7,15
732,165,51.9,1,7,14
733,166,51.0,1,7,15
734,166,51.0,1,7,15
735,163,51.1,1,7,15
736,162,51.3,1,7,15
737,161,51.5,1,7,15
738,159,51.7,1,7,15
739,158,52.0,1,7,15
740,159,51.2,1,7,15
741,158,51.4,1,7,15
742,159,51.6,1,7,15
743,159,51.8,1,7,15
744,158,52.1,1,7,15
745,156,52.4,1,7,15
746,157,51.7,1,7,15
747,160,52.0,1,7,15
748,158,52.3,1,7,15
749,158,52.6,1,7,15
750,158,53.0,1,7,15
751,158,53.3,1,7,15
752,156,52.7,1,7,15
753,157,51.0,1,7,15
754,158,51.1,1,7,15
755,160,50.3,1,7,15
756,164,50.5,1,7,15
757,175,50.6,1,7,15
758,180,50.7,1,7,15
759,177,49.9,1,7,15
760,182,48.9,1,7,15
761,188,49.0,1,7,15
762,190,49.1,1,7,15
763,188,49.2,1,7,15
764,191,47.3,1,7,14
765,195,46.4,1,7,15
766,196,45.5,1,7,15
767,194,45.5,1,7,15
768,191,45.6,1,7,15
769,197,45.7,1,7,15
770,198,43.8,1,7,15
771,198,43.8,1,7,15
772,197,43.9,1,7,15
773,195,44.0,1,7,15
774,194,43.0,1,7,15
775,194,43.0,1,7,15
776,194,43.1,1,7,14
777,196,41.1,1,7,15
778,199,41.0,1,7,15
779,197,41.1,1,7,15
780,197,41.1,1,7,15
781,196,41.2,1,7,15
782,197,41.3,1,7,15
783,196,41.5,1,7,15
784,195,40.7,1,7,15
785,195,40.8,1,7,15
786,197,40.9,1,7,15
787,194,41.0,1,7,15
788,192,41.2,1,7,15
789,194,41.4,1,7,15
790,197,41.6,1,7,15
791,199,41.8,1,7,15
792,198,42.1,1,7,15
793,196,42.4,1,8,15
794,190,41.7,1,8,15
795,189,41.0,1,8,15
796,187,41.2,1,8,15
797,183,40.5,1,8,15
798,183,38.8,1,8,15
799,183,38.9,1,8,15
800,182,39.1,1,8,15
801,182,39.3,1,8,15
802,180,39.5,1,8,15
803,180,39.8,1,8,15
804,178,40.0,1,8,15
805,176,40.3,1,8,15
806,175,39.6,1,8,15
807,174,39.9,1,8,15
808,172,39.2,1,8,15
809,172,39.4,1,8,15
810,168,38.6,1,8,14
811,168,36.9,1,8,15
812,165,37.1,1,8,15
813,162,37.2,1,8,15
814,165,37.4,1,8,15
815,164,36.6,1,8,15
816,166,36.8,1,8,15
817,169,35.9,1,8,15
818,169,36.1,1,8,15
819,166,36.2,1,8,15
820,170,36.4,1,8,15
821,173,36.7,1,8,15
822,172,35.9,1,8,15
823,173,36.1,1,8,15
824,169,36.4,1,8,15
825,172,36.7,1,8,15
826,170,36.9,1,8,15
827,169,37.2,1,8,15
828,170,36.5,1,8,15
829,167,36.7,1,8,15
830,166,36.9,1,8,15
831,170,37.2,1,8,15
832,167,37.5,1,8,15
833,168,37.8,1,8,15
834,170,37.2,1,8,15
835,168,37.4,1,8,15
836,172,36.7,1,8,15
837,175,36.9,1,8,15
838,173,37.1,1,8,15
839,176,36.3,1,8,15
840,175,36.5,1,8,14
841,172,35.7,1,8,15
842,174,35.9,1,8,15
843,169,36.1,1,8,15
844,171,36.3,1,8,15
845,206,0.0,0,8,
846,139,63.6,1,8,15
847,142,65.0,1,8,15
848,142,66.4,1,8,15
849,147,67.6,1,8,15
850,149,68.0,1,8,15
851,152,68.2,1,8,15
852,151,69.4,1,8,15
853,152,70.6,1,8,14
854,157,70.8,1,8,15
855,157,71.0,1,8,15
856,161,71.1,1,8,15
857,165,72.1,1,8,15
858,166,72.1,1,8,15
859,165,71.9,1,8,15
860,167,71.7,1,8,15
861,166,72.4,1,8,14
862,166,72.1,1,8,13
863,168,70.9,1,8,14
864,171,70.5,1,8,15
865,172,71.0,1,8,15
866,171,71.5,1,8,15
867,169,71.1,1,8,15
868,169,70.5,1,8,15
869,169,70.9,1,8,15
870,170,70.2,1,8,15
871,167,70.5,1,8,15
872,172,70.8,1,8,15
873,171,71.2,1,8,15
874,170,71.8,1,8,15
875,167,72.2,1,8,15
876,166,71.7,1,8,15
877,166,72.1,1,8,15
878,165,72.5,1,8,15
879,166,72.9,1,8,15
880,167,73.4,1,8,15
881,166,73.8,1,8,15
882,165,74.2,1,8,14
883,164,73.6,1,8,15
884,163,73.9,1,8,15
885,162,73.4,1,8,15
886,158,73.7,1,8,13
887,157,72.1,1,8,13
888,158,70.4,1,8,15
889,157,70.6,1,8,15
890,155,70.8,1,8,15
891,154,70.1,1,8,15
892,151,69.4,1,8,15
893,151,69.7,1,8,15
894,150,70.0,1,8,15
895,145,70.3,1,8,15
896,144,70.6,1,8,15
897,143,70.0,1,8,15
898,134,70.3,1,8,15
899,134,69.6,1,8,15
900,133,69.9,1,8,15
901,132,70.2,1,8,15
902,132,69.5,1,8,15
903,131,68.8,1,8,15
904,134,69.1,1,8,15
905,136,69.4,1,8,15
906,140,67.7,1,8,15
907,139,65.9,1,8,15
908,140,65.9,1,8,15
909,141,66.0,1,8,15
910,141,66.2,1,8,15
911,143,66.3,1,8,15
912,145,66.6,1,8,15
913,143,66.8,1,8,15
914,144,67.1,1,8,15
915,143,67.4,1,8,15
916,141,67.7,1,8,15
917,142,68.0,1,8,14
918,142,66.4,1,8,15
919,139,66.7,1,8,15
920,134,66.9,1,8,15
921,130,66.2,1,8,15
922,128,65.5,1,8,15
923,126,65.7,1,8,15
924,122,65.0,1,8,14
925,118,64.4,1,8,15
926,118,64.6,1,8,15
927,116,64.9,1,8,15
928,111,65.2,1,8,15
929,111,65.6,1,8,15
930,111,65.9,1,8,15
931,112,66.3,1,8,15
932,110,66.7,1,8,15
933,110,67.1,1,8,15
934,110,67.5,1,8,15
935,113,68.0,1,8,15
936,114,68.5,1,8,15
937,113,68.9,1,8,15
938,113,69.4,1,8,15
939,112,69.9,1,8,15
940,111,69.3,1,8,15
941,108,69.7,1,8,15
942,107,70.2,1,8,14
943,115,68.6,1,8,15
944,115,69.0,1,8,15
945,116,69.3,1,8,15
946,115,67.7,1,8,14
947,116,66.0,1,8,15
948,119,66.1,1,8,15
949,118,65.4,1,8,15
950,119,65.6,1,8,15
951,121,63.9,1,8,15
952,120,64.1,1,8,15
953,121,63.3,1,8,15
954,120,63.5,1,8,15
955,133,61.7,1,8,15
956,139,61.8,1,8,15
957,138,61.9,1,8,15
958,142,62.1,1,8,15
959,153,62.2,1,8,15
960,157,62.4,1,8,15
961,160,62.5,1,8,15
962,168,62.7,1,8,15
963,172,63.0,1,8,15
964,175,63.3,1,8,15
965,181,62.5,1,8,15
966,183,62.7,1,8,15
967,183,61.9,1,8,15
968,181,62.0,1,8,15
969,179,62.1,1,8,15
970,181,62.2,1,8,15
971,184,60.4,1,8,15
972,180,60.6,1,8,15
973,180,60.9,1,8,15
974,178,61.2,1,8,15
975,174,60.4,1,8,15
976,172,59.6,1,8,15
977,171,59.8,1,8,15
978,166,60.0,1,8,15
979,161,60.3,1,8,15
980,160,60.6,1,8,15
981,158,59.0,1,8,14
982,157,58.3,1,8,15
983,155,58.5,1,8,15
984,153,58.8,1,8,15
985,150,59.2,1,8,15
986,149,59.5,1,8,15
987,147,59.9,1,8,15
988,144,60.3,1,8,15
989,141,59.7,1,8,15
990,139,60.1,1,8,15
991,138,60.4,1,8,15
992,138,60.9,1,8,15
993,137,61.3,1,8,15
994,137,61.8,1,8,15
995,136,62.2,1,8,15
996,134,62.7,1,8,15
997,134,62.2,1,8,15
998,132,62.7,1,8,15
999,131,62.2,1,8,15
1000,130,61.7,1,8,15
1001,128,62.1,1,8,15
1002,127,62.6,1,8,15
1003,125,63.0,1,8,15
1004,119,63.5,1,8,15
1005,117,61.9,1,8,13
1006,120,60.3,1,8,15
1007,122,60.5,1,8,15
1008,124,60.8,1,8,15
1009,134,61.1,1,8,15
1010,135,61.3,1,8,14
1011,135,60.6,1,8,15
1012,136,60.8,1,8,15
1013,141,61.0,1,8,15
1014,143,60.3,1,8,15
1015,143,60.6,1,8,15
1016,142,60.8,1,8,15
1017,141,61.1,1,8,15
1018,136,60.6,1,8,15
1019,134,61.0,1,8,15
1020,132,60.5,1,8,15
1021,129,60.8,1,8,15
1022,128,61.2,1,8,15
1023,130,60.6,1,8,15
1024,126,61.0,1,8,14
1025,128,59.4,1,8,15
1026,128,59.7,1,8,15
1027,126,60.1,1,8,15
1028,124,60.4,1,8,15
1029,128,59.8,1,8,15
1030,130,60.1,1,8,15
1031,132,60.4,1,8,15
1032,132,60.8,1,8,15
1033,133,61.2,1,8,15
1034,134,61.5,1,8,15
1035,134,61.9,1,8,15
1036,134,61.3,1,8,15
1037,135,60.7,1,8,15
1038,135,61.0,1,8,15
1039,133,61.4,1,8,15
1040,136,60.7,1,8,15
1041,140,59.1,1,8,15
1042,140,58.3,1,8,15
1043,148,57.6,1,8,15
1044,153,57.8,1,8,15
1045,157,58.0,1,8,15
1046,161,57.3,1,8,15
1047,166,57.5,1,8,15
1048,173,55.8,1,8,15
1049,178,56.0,1,8,15
1050,184,56.2,1,8,15
1051,193,56.3,1,8,15
1052,200,55.3,1,8,15
1053,206,55.2,1,8,15
1054,205,55.2,1,8,15
1055,204,55.2,1,8,15
1056,204,54.3,1,8,15
1057,203,54.3,1,8,15
1058,202,54.4,1,8,15
1059,202,54.5,1,8,15
1060,200,53.6,1,8,15
1061,200,52.6,1,8,15
1062,197,51.6,1,8,15
1063,196,51.7,1,8,15
1064,196,51.8,1,8,15
1065,195,51.0,1,8,15
1066,194,51.1,1,8,15
1067,193,51.2,1,8,15
1068,192,51.4,1,8,15
1069,190,50.6,1,8,15
1070,190,50.9,1,8,15
1071,193,50.1,1,8,15
1072,193,49.2,1,8,15
1073,195,49.4,1,8,15
1074,193,49.6,1,8,15
1075,197,49.7,1,8,15
1076,199,49.8,1,8,15
1077,197,49.0,1,8,15
1078,197,49.2,1,8,15
1079,195,47.4,1,8,15
1080,195,47.5,1,8,15
1081,194,47.6,1,8,15
1082,189,46.8,1,8,15
1083,183,47.0,1,8,15
1084,181,47.2,1,8,15
1085,178,46.4,1,8,15
1086,175,45.6,1,8,15
1087,173,45.8,1,8,15
1088,172,46.0,1,8,15
1089,170,46.2,1,8,15
1090,168,46.5,1,8,15
1091,165,46.8,1,8,15
1092,162,46.1,1,8,15
1093,161,46.4,1,8,15
1094,164,46.7,1,8,15
1095,168,46.1,1,8,15
1096,165,45.3,1,8,15
1097,164,45.6,1,8,15
1098,164,44.8,1,8,15
1099,167,45.0,1,8,15
1100,169,45.2,1,8,15
1101,172,45.5,1,8,15
1102,171,45.7,1,8,15
1103,169,46.0,1,8,15
1104,168,46.2,1,8,15
1105,167,46.5,1,8,15
1106,164,46.8,1,8,15
1107,159,47.1,1,8,15
1108,157,47.5,1,8,15
1109,157,47.9,1,8,15
1110,158,46.4,1,8,15
1111,156,45.8,1,8,15
1112,156,45.1,1,8,15
1113,150,44.4,1,8,15
1114,149,44.6,1,8,15
1115,151,43.9,1,8,15
1116,149,43.1,1,8,15
1117,150,43.3,1,8,15
1118,151,42.6,1,8,15
1119,149,42.8,1,8,15
1120,146,43.1,1,8,15
1121,145,43.4,1,8,15
1122,142,43.7,1,8,15
1123,139,44.1,1,8,15
1124,138,43.5,1,8,15
1125,139,43.8,1,8,15
1126,138,44.1,1,8,15
1127,139,43.4,1,8,15
1128,138,43.6,1,8,15
1129,140,42.9,1,8,15
1130,139,43.2,1,8,15
1131,137,43.5,1,8,15
1132,133,43.8,1,8,15
1133,138,44.2,1,8,14
1134,140,42.5,1,8,15
1135,149,42.7,1,8,15
1136,153,43.0,1,8,15
1137,164,43.2,1,8,15
1138,168,43.4,1,8,15
1139,173,42.6,1,8,15
1140,175,42.9,1,8,15
1141,174,43.1,1,8,15
1142,175,43.4,1,8,15
1143,174,43.7,1,8,15
1144,173,44.0,1,8,15
1145,173,43.4,1,8,15
1146,173,43.6,1,8,15
1147,175,43.0,1,8,15
1148,173,42.2,1,8,15
1149,171,42.4,1,8,15
1150,171,42.7,1,8,15
1151,172,42.9,1,8,15
1152,173,43.1,1,8,15
1153,189,43.4,1,8,15
1154,193,41.7,1,8,15
1155,197,41.8,1,8,15
1156,201,41.8,1,8,14
1157,203,41.0,1,8,15
1158,205,41.1,1,8,15
1159,207,39.2,1,9,14
1160,212,37.2,1,9,15
1161,210,37.1,1,9,15
1162,206,37.0,1,9,15
1163,209,37.0,1,9,15
1164,208,37.1,1,9,15
1165,205,36.2,1,9,14
1166,246,0.0,0,9,
1167,168,72.4,1,9,15
1168,164,73.7,1,9,15
1169,160,74.9,1,9,14
1170,159,75.3,1,9,14
1171,157,74.6,1,9,15
1172,157,75.7,1,9,15
1173,154,75.9,1,9,15
1174,152,77.1,1,9,15
1175,149,76.3,1,9,15
1176,149,76.5,1,9,15
1177,148,77.5,1,9,15
1178,146,78.6,1,9,15
1179,146,79.6,1,9,15
1180,144,79.6,1,9,15
1181,141,80.6,1,9,15
1182,137,81.6,1,9,15
1183,134,81.6,1,9,15
1184,133,82.5,1,9,15
1185,131,83.5,1,9,15
1186,131,84.4,1,9,15
1187,126,85.3,1,9,14
1188,123,84.3,1,9,15
1189,121,85.1,1,9,15
1190,118,86.0,1,9,14
1191,120,84.8,1,9,15
1192,121,85.6,1,9,15
1193,122,86.4,1,9,15
1194,124,87.1,1,9,15
1195,123,87.8,1,9,15
1196,126,88.6,1,9,15
1197,126,88.3,1,9,15
1198,126,88.0,1,9,15
1199,127,88.5,1,9,15
1200,129,89.0,1,9,15
# END year=1200 ended=false secs=2727 aggregates=[{"v":"Lokevik","c":[29.3,34.7,19.1,5.9],"bearers":15}]
# M2 aliveMinAfterFold=58 cityYears=991 bearersAlive>=12 in 991 (100%)
# M7 defolds=3 ok=true detail=[{"year":321,"v":"Lokevik","expected":38,"delta":39},{"year":845,"v":"Lokevik","expected":36,"delta":36},{"year":1166,"v":"Lokevik","expected":36,"delta":36}]
